<?xml version="1.0" encoding="UTF-8"?>
<GenRun Id="impl_1" LaunchPart="xc7a35tcpg236-2L" LaunchTime="1726248837">
  <File Type="ROUTE-PWR" Name="Lab1_Q2_power_routed.rpt"/>
  <File Type="PA-TCL" Name="Lab1_Q2.tcl"/>
  <File Type="ROUTE-PWR-SUM" Name="Lab1_Q2_power_summary_routed.pb"/>
  <File Type="REPORTS-TCL" Name="Lab1_Q2_reports.tcl"/>
  <File Type="BITSTR-MSK" Name="Lab1_Q2.msk"/>
  <File Type="ROUTE-CLK" Name="Lab1_Q2_clock_utilization_routed.rpt"/>
  <File Type="RDI-RDI" Name="Lab1_Q2.vdi"/>
  <File Type="POSTROUTE-PHYSOPT-BUS-SKEW-PB" Name="Lab1_Q2_bus_skew_postroute_physopted.pb"/>
  <File Type="BG-BIT" Name="Lab1_Q2.bit"/>
  <File Type="BG-DRC" Name="Lab1_Q2.drc"/>
  <File Type="BG-BGN" Name="Lab1_Q2.bgn"/>
  <File Type="BG-BIN" Name="Lab1_Q2.bin"/>
  <File Type="BITSTR-RBT" Name="Lab1_Q2.rbt"/>
  <File Type="BITSTR-NKY" Name="Lab1_Q2.nky"/>
  <File Type="BITSTR-BMM" Name="Lab1_Q2_bd.bmm"/>
  <File Type="BITSTR-MMI" Name="Lab1_Q2.mmi"/>
  <File Type="ROUTE-METHODOLOGY-DRC" Name="Lab1_Q2_methodology_drc_routed.rpt"/>
  <File Type="BITSTR-SYSDEF" Name="Lab1_Q2.sysdef"/>
  <File Type="BITSTR-LTX" Name="debug_nets.ltx"/>
  <File Type="BITSTR-LTX" Name="Lab1_Q2.ltx"/>
  <File Type="WBT-USG" Name="usage_statistics_webtalk.html"/>
  <File Type="OPT-DRC" Name="Lab1_Q2_drc_opted.rpt"/>
  <File Type="OPT-HWDEF" Name="Lab1_Q2.hwdef"/>
  <File Type="PLACE-IO" Name="Lab1_Q2_io_placed.rpt"/>
  <File Type="PLACE-UTIL" Name="Lab1_Q2_utilization_placed.rpt"/>
  <File Type="PLACE-UTIL-PB" Name="Lab1_Q2_utilization_placed.pb"/>
  <File Type="PLACE-CTRL" Name="Lab1_Q2_control_sets_placed.rpt"/>
  <File Type="PLACE-PRE-SIMILARITY" Name="Lab1_Q2_incremental_reuse_pre_placed.rpt"/>
  <File Type="ROUTE-DRC" Name="Lab1_Q2_drc_routed.rpt"/>
  <File Type="ROUTE-DRC-PB" Name="Lab1_Q2_drc_routed.pb"/>
  <File Type="ROUTE-PWR-RPX" Name="Lab1_Q2_power_routed.rpx"/>
  <File Type="ROUTE-STATUS" Name="Lab1_Q2_route_status.rpt"/>
  <File Type="ROUTE-STATUS-PB" Name="Lab1_Q2_route_status.pb"/>
  <File Type="ROUTE-DCP" Name="Lab1_Q2_routed.dcp"/>
  <File Type="ROUTE-ERROR-DCP" Name="Lab1_Q2_routed_error.dcp"/>
  <File Type="ROUTE-BLACKBOX-DCP" Name="Lab1_Q2_routed_bb.dcp"/>
  <File Type="ROUTE-TIMINGSUMMARY" Name="Lab1_Q2_timing_summary_routed.rpt"/>
  <File Type="ROUTE-TIMING-PB" Name="Lab1_Q2_timing_summary_routed.pb"/>
  <File Type="ROUTE-TIMING-RPX" Name="Lab1_Q2_timing_summary_routed.rpx"/>
  <File Type="ROUTE-SIMILARITY" Name="Lab1_Q2_incremental_reuse_routed.rpt"/>
  <File Type="ROUTE-BUS-SKEW" Name="Lab1_Q2_bus_skew_routed.rpt"/>
  <File Type="ROUTE-BUS-SKEW-PB" Name="Lab1_Q2_bus_skew_routed.pb"/>
  <File Type="ROUTE-BUS-SKEW-RPX" Name="Lab1_Q2_bus_skew_routed.rpx"/>
  <File Type="OPT-DCP" Name="Lab1_Q2_opt.dcp"/>
  <File Type="PLACE-DCP" Name="Lab1_Q2_placed.dcp"/>
  <File Type="PWROPT-DCP" Name="Lab1_Q2_pwropt.dcp"/>
  <File Type="POSTPLACE-PWROPT-DCP" Name="Lab1_Q2_postplace_pwropt.dcp"/>
  <File Type="PHYSOPT-DCP" Name="Lab1_Q2_physopt.dcp"/>
  <File Type="POSTROUTE-PHYSOPT-DCP" Name="Lab1_Q2_postroute_physopt.dcp"/>
  <File Type="POSTROUTE-PHYSOPT-BLACKBOX-DCP" Name="Lab1_Q2_postroute_physopt_bb.dcp"/>
  <File Type="POSTROUTE-PHYSOPT-TIMING" Name="Lab1_Q2_timing_summary_postroute_physopted.rpt"/>
  <File Type="POSTROUTE-PHYSOPT-TIMING-PB" Name="Lab1_Q2_timing_summary_postroute_physopted.pb"/>
  <File Type="POSTROUTE-PHYSOPT-TIMING-RPX" Name="Lab1_Q2_timing_summary_postroute_physopted.rpx"/>
  <File Type="POSTROUTE-PHYSOPT-BUS-SKEW" Name="Lab1_Q2_bus_skew_postroute_physopted.rpt"/>
  <File Type="POSTROUTE-PHYSOPT-BUS-SKEW-RPX" Name="Lab1_Q2_bus_skew_postroute_physopted.rpx"/>
  <File Type="ROUTE-METHODOLOGY-DRC-PB" Name="Lab1_Q2_methodology_drc_routed.pb"/>
  <File Type="ROUTE-DRC-RPX" Name="Lab1_Q2_drc_routed.rpx"/>
  <File Type="ROUTE-METHODOLOGY-DRC-RPX" Name="Lab1_Q2_methodology_drc_routed.rpx"/>
  <File Type="PDI-FILE" Name="Lab1_Q2.pdi"/>
  <File Type="BOOT-PDI-FILE" Name="Lab1_Q2_soc.pdi"/>
  <File Type="PL-PDI-FILE" Name="Lab1_Q2_pld.pdi"/>
  <File Type="RCFI_FILE" Name="Lab1_Q2.rcfi"/>
  <File Type="CFI_FILE" Name="Lab1_Q2.cfi"/>
  <File Type="RNPI_FILE" Name="Lab1_Q2.rnpi"/>
  <File Type="NPI_FILE" Name="Lab1_Q2.npi"/>
  <File Type="RBD_FILE" Name="Lab1_Q2.rbd"/>
  <File Type="ROUTE-RQS" Name="Lab1_Q2_routed.rqs"/>
  <File Type="POSTROUTE-PHYSOPT-RQS" Name="Lab1_Q2_postroute_physopted.rqs"/>
  <File Type="ROUTE-RQS-RPT" Name="route_report_qor_suggestions_0.rpt"/>
  <File Type="POSTROUTE-PHYSOPT-RQS-RPT" Name="postroute_physopt_report_qor_suggestions_0.rpt"/>
  <FileSet Name="sources" Type="DesignSrcs" RelSrcDir="$PSRCDIR/sources_1" RelGenDir="$PGENDIR/sources_1">
    <Filter Type="Srcs"/>
    <File Path="$PSRCDIR/sources_1/new/Lab1_Q2.v">
      <FileInfo>
        <Attr Name="UsedIn" Val="synthesis"/>
        <Attr Name="UsedIn" Val="implementation"/>
        <Attr Name="UsedIn" Val="simulation"/>
      </FileInfo>
    </File>
    <Config>
      <Option Name="DesignMode" Val="RTL"/>
      <Option Name="TopModule" Val="Lab1_Q2"/>
      <Option Name="TopAutoSet" Val="TRUE"/>
    </Config>
  </FileSet>
  <FileSet Name="constrs_in" Type="Constrs" RelSrcDir="$PSRCDIR/constrs_1" RelGenDir="$PGENDIR/constrs_1">
    <Filter Type="Constrs"/>
    <File Path="$PPRDIR/../../Downloads/Basys-3-Master.xdc">
      <FileInfo>
        <Attr Name="UsedIn" Val="synthesis"/>
        <Attr Name="UsedIn" Val="implementation"/>
      </FileInfo>
    </File>
    <Config>
      <Option Name="ConstrsType" Val="XDC"/>
    </Config>
  </FileSet>
  <FileSet Name="utils" Type="Utils" RelSrcDir="$PSRCDIR/utils_1" RelGenDir="$PGENDIR/utils_1">
    <Filter Type="Utils"/>
    <File Path="$PSRCDIR/utils_1/imports/synth_1/Lab1_Q2.dcp">
      <FileInfo>
        <Attr Name="UsedIn" Val="synthesis"/>
        <Attr Name="UsedIn" Val="implementation"/>
        <Attr Name="UsedInSteps" Val="synth_1"/>
        <Attr Name="AutoDcp" Val="1"/>
      </FileInfo>
    </File>
    <Config>
      <Option Name="TopAutoSet" Val="TRUE"/>
    </Config>
  </FileSet>
  <Strategy Version="1" Minor="2">
    <StratHandle Name="Vivado Implementation Defaults" Flow="Vivado Implementation 2023"/>
    <Step Id="init_design"/>
    <Step Id="opt_design"/>
    <Step Id="power_opt_design"/>
    <Step Id="place_design"/>
    <Step Id="post_place_power_opt_design"/>
    <Step Id="phys_opt_design"/>
    <Step Id="route_design"/>
    <Step Id="post_route_phys_opt_design"/>
    <Step Id="write_bitstream"/>
    <Step Id="write_device_image"/>
  </Strategy>
</GenRun>
